first_name,last_name,email,country
DERRICK,BOURQUE,DERRICK.BOURQUE@sakilacustomer.org,Canada
DARRELL,POWER,DARRELL.POWER@sakilacustomer.org,Canada
LORETTA,CARPENTER,LORETTA.CARPENTER@sakilacustomer.org,Canada
CURTIS,IRBY,CURTIS.IRBY@sakilacustomer.org,Canada
TROY,QUIGLEY,TROY.QUIGLEY@sakilacustomer.org,Canada
